GivenName,Surname,SamAccountName,UserPrincipalName,AccountPassword,OU,DisplayName,Name,Description,Department,Country,City,State,PostalCode,MobilePhone,EmailAddress
"Pol","Pino Aparicio",ppinoa,ppinoa@polideportivolizarreria.eu,z7vL$wPFMd,"OU=Clientes,DC=polideportivolizarreria,DC=eu","Pol Pino Aparicio","Pol Pino Aparicio",Adultos,,ES,Estella,Navarra,31200,780069765,ppinoa@gmail.com
"Florentino","Conde Cuenca",fcondec,fcondec@polideportivolizarreria.eu,Rvqm&G$6wQ,"OU=Clientes,DC=polideportivolizarreria,DC=eu","Florentino Conde Cuenca","Florentino Conde Cuenca",Adultos,,ES,Estella,Navarra,31200,706386485,fcondec@gmail.com
"Candela","Ferreiro Castillo",cferreiroc,cferreiroc@polideportivolizarreria.eu,n^D2x32CD!,"OU=Clientes,DC=polideportivolizarreria,DC=eu","Candela Ferreiro Castillo","Candela Ferreiro Castillo",Adultos,,ES,Estella,Navarra,31200,610377281,cferreiroc@gmail.com
"Ricardo","Santos Saavedra",rsantoss,rsantoss@polideportivolizarreria.eu,Sh!3WKNDn6,"OU=Clientes,DC=polideportivolizarreria,DC=eu","Ricardo Santos Saavedra","Ricardo Santos Saavedra",Adultos,,ES,Estella,Navarra,31200,643556818,rsantoss@gmail.com
"Elia","Miguel Font",emiguelf,emiguelf@polideportivolizarreria.eu,H5y_u9c+AK,"OU=Clientes,DC=polideportivolizarreria,DC=eu","Elia Miguel Font","Elia Miguel Font",Adultos,,ES,Estella,Navarra,31200,712779520,emiguelf@gmail.com
"Ascensión","Serra Valle",aserrav,aserrav@polideportivolizarreria.eu,eBA@@8fSxY,"OU=Clientes,DC=polideportivolizarreria,DC=eu","Ascensión Serra Valle","Ascensión Serra Valle",Adultos,,ES,Estella,Navarra,31200,762294000,aserrav@gmail.com
"Aurelia","Coll Aznar",acolla,acolla@polideportivolizarreria.eu,FHggZh52$e,"OU=Clientes,DC=polideportivolizarreria,DC=eu","Aurelia Coll Aznar","Aurelia Coll Aznar",Adultos,,ES,Estella,Navarra,31200,694787737,acolla@gmail.com
"Francisco Javier","Vera Sáez",fveras,fveras@polideportivolizarreria.eu,QB7B-&pL5B,"OU=Clientes,DC=polideportivolizarreria,DC=eu","Francisco Javier Vera Sáez","Francisco Javier Vera Sáez",Adultos,,ES,Estella,Navarra,31200,733090753,fveras@gmail.com
"Enriqueta","Rivero De La Fuente",eriverod,eriverod@polideportivolizarreria.eu,AC8Hj#T^yT,"OU=Clientes,DC=polideportivolizarreria,DC=eu","Enriqueta Rivero De La Fuente","Enriqueta Rivero De La Fuente",Adultos,,ES,Estella,Navarra,31200,670135311,eriverod@gmail.com
"Verónica","Cuadrado Pazos",vcuadradop,vcuadradop@polideportivolizarreria.eu,atG7t8Zz-+,"OU=Clientes,DC=polideportivolizarreria,DC=eu","Verónica Cuadrado Pazos","Verónica Cuadrado Pazos",Adultos,,ES,Estella,Navarra,31200,618287780,vcuadradop@gmail.com
"Gabriela","Mateu Tejero",gmateut,gmateut@polideportivolizarreria.eu,3euj!ZTZ5f,"OU=Clientes,DC=polideportivolizarreria,DC=eu","Gabriela Mateu Tejero","Gabriela Mateu Tejero",Adultos,,ES,Estella,Navarra,31200,687404166,gmateut@gmail.com
"Estrella","Dorado Valls",edoradov,edoradov@polideportivolizarreria.eu,8N8&+#ywjj,"OU=Clientes,DC=polideportivolizarreria,DC=eu","Estrella Dorado Valls","Estrella Dorado Valls",Menores,,ES,Estella,Navarra,31200,649017375,edoradov@gmail.com
"Valentina","Sevilla Olmo",vsevillao,vsevillao@polideportivolizarreria.eu,NEnkQ_6yZC,"OU=Clientes,DC=polideportivolizarreria,DC=eu","Valentina Sevilla Olmo","Valentina Sevilla Olmo",Adultos,,ES,Estella,Navarra,31200,622542925,vsevillao@gmail.com
"Elena","Robles Amador",eroblesa,eroblesa@polideportivolizarreria.eu,2E*4hk48Vh,"OU=Clientes,DC=polideportivolizarreria,DC=eu","Elena Robles Amador","Elena Robles Amador",Adultos,,ES,Estella,Navarra,31200,604634571,eroblesa@gmail.com
"Aránzazu","Blasco Gallego",ablascog,ablascog@polideportivolizarreria.eu,br%@Cd2YkN,"OU=Clientes,DC=polideportivolizarreria,DC=eu","Aránzazu Blasco Gallego","Aránzazu Blasco Gallego",Adultos,,ES,Estella,Navarra,31200,615415310,ablascog@gmail.com
"Ainara","Escudero Aparicio",aescuderoa,aescuderoa@polideportivolizarreria.eu,yR?Se79pZB,"OU=Clientes,DC=polideportivolizarreria,DC=eu","Ainara Escudero Aparicio","Ainara Escudero Aparicio",Menores,,ES,Estella,Navarra,31200,630277710,aescuderoa@gmail.com
"Ane","Alfaro Lucas",aalfarol,aalfarol@polideportivolizarreria.eu,x=3Gf92wq@,"OU=Clientes,DC=polideportivolizarreria,DC=eu","Ane Alfaro Lucas","Ane Alfaro Lucas",Adultos,,ES,Estella,Navarra,31200,658318325,aalfarol@gmail.com
"Aina","Suarez Fuentes",asuarezf,asuarezf@polideportivolizarreria.eu,T7r?Ms^zWu,"OU=Clientes,DC=polideportivolizarreria,DC=eu","Aina Suarez Fuentes","Aina Suarez Fuentes",Adultos,,ES,Estella,Navarra,31200,672247153,asuarezf@gmail.com
"Estela","Duran Palacios",eduranp,eduranp@polideportivolizarreria.eu,8pQtQAk?mB,"OU=Clientes,DC=polideportivolizarreria,DC=eu","Estela Duran Palacios","Estela Duran Palacios",Adultos,,ES,Estella,Navarra,31200,794327983,eduranp@gmail.com
"Leticia","Pascual Amaya",lpascuala,lpascuala@polideportivolizarreria.eu,e7FNh-gDy-,"OU=Clientes,DC=polideportivolizarreria,DC=eu","Leticia Pascual Amaya","Leticia Pascual Amaya",Menores,,ES,Estella,Navarra,31200,741470634,lpascuala@gmail.com
"Unai","Serrano Villanueva",userranov,userranov@polideportivolizarreria.eu,qy=FBwd48U,"OU=Clientes,DC=polideportivolizarreria,DC=eu","Unai Serrano Villanueva","Unai Serrano Villanueva",Adultos,,ES,Estella,Navarra,31200,751687693,userranov@gmail.com
"Elías","Cartero Castellanos",ecarteroc,ecarteroc@polideportivolizarreria.eu,E4YHtZJM-7,"OU=Clientes,DC=polideportivolizarreria,DC=eu","Elías Cartero Castellanos","Elías Cartero Castellanos",Menores,,ES,Estella,Navarra,31200,678929546,ecarteroc@gmail.com
"Luciano","Morcillo López",lmorcillol,lmorcillol@polideportivolizarreria.eu,h*xe4$S?2&,"OU=Clientes,DC=polideportivolizarreria,DC=eu","Luciano Morcillo López","Luciano Morcillo López",Adultos,,ES,Estella,Navarra,31200,690720127,lmorcillol@gmail.com
"Patricia","Tejero Giménez",ptejerog,ptejerog@polideportivolizarreria.eu,K8Sz_wA+WG,"OU=Clientes,DC=polideportivolizarreria,DC=eu","Patricia Tejero Giménez","Patricia Tejero Giménez",Menores,,ES,Estella,Navarra,31200,751811649,ptejerog@gmail.com
"Amaia","Sevilla Doménech",asevillad,asevillad@polideportivolizarreria.eu,8JM?qQw938,"OU=Clientes,DC=polideportivolizarreria,DC=eu","Amaia Sevilla Doménech","Amaia Sevilla Doménech",Adultos,,ES,Estella,Navarra,31200,621126751,asevillad@gmail.com
"Leire","Caro Calvo",lcaroc,lcaroc@polideportivolizarreria.eu,uFz8-@DgWe,"OU=Clientes,DC=polideportivolizarreria,DC=eu","Leire Caro Calvo","Leire Caro Calvo",Menores,,ES,Estella,Navarra,31200,674180525,lcaroc@gmail.com
"Esther","Navarrete Barroso",enavarreteb,enavarreteb@polideportivolizarreria.eu,R=39fkr#uP,"OU=Clientes,DC=polideportivolizarreria,DC=eu","Esther Navarrete Barroso","Esther Navarrete Barroso",Adultos,,ES,Estella,Navarra,31200,610561778,enavarreteb@gmail.com
"Desirée","Figueroa Avilés",dfigueroaa,dfigueroaa@polideportivolizarreria.eu,MeM3yZ&jWJ,"OU=Clientes,DC=polideportivolizarreria,DC=eu","Desirée Figueroa Avilés","Desirée Figueroa Avilés",Menores,,ES,Estella,Navarra,31200,700970554,dfigueroaa@gmail.com
"Elisa","Alfonso Olmo",ealfonsoo,ealfonsoo@polideportivolizarreria.eu,zMd7wPFvL$,"OU=Polideportivo,DC=polideportivolizarreria,DC=eu","Elisa Alfonso Olmo","Elisa Alfonso Olmo",Administración,Administración,ES,Estella,Navarra,31200,669601669,ealfonsoo@gmail.com
"Vanessa","Silva Vicente",vsilvav,vsilvav@polideportivolizarreria.eu,RwQvG$6qm&,"OU=Polideportivo,DC=polideportivolizarreria,DC=eu","Vanessa Silva Vicente","Vanessa Silva Vicente",Administración,Administración,ES,Estella,Navarra,31200,764339199,vsilvav@gmail.com
"Xabier","Marcos Marques",xmarcosm,xmarcosm@polideportivolizarreria.eu,nD!^32CD2x,"OU=Polideportivo,DC=polideportivolizarreria,DC=eu","Xabier Marcos Marques","Xabier Marcos Marques",Administración,Administración,ES,Estella,Navarra,31200,724346837,xmarcosm@gmail.com
"Inés","Belmonte Moral",ibelmontem,ibelmontem@polideportivolizarreria.eu,Sn6hKND!3W,"OU=Polideportivo,DC=polideportivolizarreria,DC=eu","Inés Belmonte Moral","Inés Belmonte Moral",Contabilidad,Contabilidad,ES,Estella,Navarra,31200,797289817,ibelmontem@gmail.com
"Natalia","Navarrete Carrión",nnavarretec,nnavarretec@polideportivolizarreria.eu,HAK59c+y_u,"OU=Polideportivo,DC=polideportivolizarreria,DC=eu","Natalia Navarrete Carrión","Natalia Navarrete Carrión",Contabilidad,Contabilidad,ES,Estella,Navarra,31200,661883191,nnavarretec@gmail.com
"Félix","Lorenzo Páez",florenzop,florenzop@polideportivolizarreria.eu,exYB8fSA@@,"OU=Polideportivo,DC=polideportivolizarreria,DC=eu","Félix Lorenzo Páez","Félix Lorenzo Páez",Mantenimiento,Mantenimiento,ES,Estella,Navarra,31200,741453053,florenzop@gmail.com
"Carlos","Collado Juárez",ccolladoj,ccolladoj@polideportivolizarreria.eu,F$eHh52ggZ,"OU=Polideportivo,DC=polideportivolizarreria,DC=eu","Carlos Collado Juárez","Carlos Collado Juárez",Mantenimiento,Mantenimiento,ES,Estella,Navarra,31200,682308921,ccolladoj@gmail.com
"Silvia","Cantero De Miguel",scanterod,scanterod@polideportivolizarreria.eu,Q5BB&pL7B-,"OU=Polideportivo,DC=polideportivolizarreria,DC=eu","Silvia Cantero De Miguel","Silvia Cantero De Miguel",Entrenadores,Entrenadores,ES,Estella,Navarra,31200,762109720,scanterod@gmail.com
"Isidro","Porras Castilla",iporrasc,iporrasc@polideportivolizarreria.eu,AyTC#T^8Hj,"OU=Polideportivo,DC=polideportivolizarreria,DC=eu","Isidro Porras Castilla","Isidro Porras Castilla",Entrenadores,Entrenadores,ES,Estella,Navarra,31200,706186159,iporrasc@gmail.com
"Ander","Marrero Chen",amarreroc,amarreroc@polideportivolizarreria.eu,a-+t8ZzG7t,"OU=Polideportivo,DC=polideportivolizarreria,DC=eu","Ander Marrero Chen","Ander Marrero Chen",Entrenadores,Entrenadores,ES,Estella,Navarra,31200,633912649,amarreroc@gmail.com
"Cecilia","Montoya Cáceres",cmontoyac,cmontoyac@polideportivolizarreria.eu,35feZTZuj!,"OU=Polideportivo,DC=polideportivolizarreria,DC=eu","Cecilia Montoya Cáceres","Cecilia Montoya Cáceres",Entrenadores,Entrenadores,ES,Estella,Navarra,31200,616394454,cmontoyac@gmail.com
"Maite","Zapata Ibáñez",mzapatai,mzapatai@polideportivolizarreria.eu,8jjN#yw8&+,"OU=Polideportivo,DC=polideportivolizarreria,DC=eu","Maite Zapata Ibáñez","Maite Zapata Ibáñez",Entrenadores,Entrenadores,ES,Estella,Navarra,31200,642517520,mzapatai@gmail.com
"Paula","Velasco Andrés",pvelascoa,pvelascoa@polideportivolizarreria.eu,NZCE_6ynkQ,"OU=Polideportivo,DC=polideportivolizarreria,DC=eu","Paula Velasco Andrés","Paula Velasco Andrés",Entrenadores,Entrenadores,ES,Estella,Navarra,31200,694354991,pvelascoa@gmail.com
"Ramona","Cordero Vidal",rcorderov,rcorderov@polideportivolizarreria.eu,2VhEk48*4h,"OU=Polideportivo,DC=polideportivolizarreria,DC=eu","Ramona Cordero Vidal","Ramona Cordero Vidal",Personal,Personal,ES,Estella,Navarra,31200,787797729,rcorderov@gmail.com
"Lola","Olivares Llorens",lolivaresl,lolivaresl@polideportivolizarreria.eu,bkNrd2Y%@C,"OU=Polideportivo,DC=polideportivolizarreria,DC=eu","Lola Olivares Llorens","Lola Olivares Llorens",Personal,Personal,ES,Estella,Navarra,31200,762372658,lolivaresl@gmail.com
"Manuel","Miralles Olmo",mmiralleso,mmiralleso@polideportivolizarreria.eu,yZBR79p?Se,"OU=Polideportivo,DC=polideportivolizarreria,DC=eu","Manuel Miralles Olmo","Manuel Miralles Olmo",Personal,Personal,ES,Estella,Navarra,31200,642517520,mmiralleso@gmail.com
"Susana","Casto Palma",scastop,scastop@polideportivolizarreria.eu,xq@=92w3Gf,"OU=Polideportivo,DC=polideportivolizarreria,DC=eu","Susana Casto Palma","Susana Casto Palma",Personal,Personal,ES,Estella,Navarra,31200,730950343,scastop@gmail.com
